url,company,location,title
https://www.indeed.com/rc/clk?jk=1d03aec49f664f04&fccid=645d83ee4cbe1d25,"
    Blizzard Entertainment","New York, NY",Facilities and Office Coordinator
https://www.indeed.com/rc/clk?jk=786f90c6bbb7cac7&fccid=645d83ee4cbe1d25,"
    Blizzard Entertainment","Irvine, CA","Community Manager, Overwatch League"
https://www.indeed.com/rc/clk?jk=940e4f5ca20b491a&fccid=8f194d2af76d144c,"
    HTC","Los Angeles, CA", Specialist
https://www.indeed.com/rc/clk?jk=dbf2ee675007f47b&fccid=fe2d21eef233e94a,"
    Amazon Corporate LLC","Seattle, WA",Community Manager - Twitch Prime
https://www.indeed.com/rc/clk?jk=135b9693b4815fcf&fccid=7623d3879fa9542a,"
    NBA","New York, NY","Director, Player Operations - "
https://www.indeed.com/rc/clk?jk=f4ac2373d5c71d2c&fccid=734cb5a01ee60f80,"
    Microsoft","Cerritos, CA",Product Expert Gaming
https://www.indeed.com/rc/clk?jk=19dcda850045b885&fccid=aac555fbdb7c8e71,"
    Riot Games","Los Angeles, CA", Communications Manager
https://www.indeed.com/rc/clk?jk=50adf9d3d16fb55c&fccid=645d83ee4cbe1d25,"
    Blizzard Entertainment","New York, NY",Recruiting and HR Coordinator
https://www.indeed.com/rc/clk?jk=78487a7e81b0a2fb&fccid=645d83ee4cbe1d25,"
    Blizzard Entertainment","Irvine, CA",Events Shift Supervisor
https://www.indeed.com/rc/clk?jk=542bb028319151a7&fccid=645d83ee4cbe1d25,"
    Blizzard Entertainment","New York, NY",Audience Development Producer
https://www.indeed.com/rc/clk?jk=b44d5b60b7072747&fccid=645d83ee4cbe1d25,"
    Blizzard Entertainment","Irvine, CA","Social Media Manager, Overwatch League"
https://www.indeed.com/rc/clk?jk=0014445873c7b656&fccid=ea4b9d43d2edf4b3,,"Washington, DC 20003 ", Media Intern
https://www.indeed.com/rc/clk?jk=da124a6c259005a6&fccid=645d83ee4cbe1d25,"
    Blizzard Entertainment","Irvine, CA",Social Media Manager
https://www.indeed.com/rc/clk?jk=7a6476b2848852ef&fccid=92b6ad9b1bd886b6,"
    Turner","New York, NY",Fall 2017 Intern - Business Strategy and Innovations
https://www.indeed.com/rc/clk?jk=891f5fc82cafa034&fccid=b003a846ec18b45b,,"Calabasas, CA",Influencer Relations Manager
https://www.indeed.com/rc/clk?jk=f66c6f855d2b4307&fccid=71147e0539a0a1b7,"
    Activision","Santa Monica, CA 90405","Social Engagement Manager, Digital Marketing (Contract)"
https://www.indeed.com/rc/clk?jk=1198adc3a31901a7&fccid=41fd4272923dc822,,"Washington, DC 20002 ","Coordinator, Ticket Operations"
https://www.indeed.com/rc/clk?jk=45cfe09305cd0b6d&fccid=645d83ee4cbe1d25,"
    Blizzard Entertainment","Irvine, CA",Associate Product Support Specialist
https://www.indeed.com/rc/clk?jk=ca97e7e89aa88d82&fccid=c267f29f0f85e8b8,"
    NVIDIA","Santa Clara, CA","Marketing Manager – GeForce, Global Social Media"
https://www.indeed.com/rc/clk?jk=7d6c9b02c6cec8fa&fccid=4ce00ab157c42404,"
    Scuf Gaming","Suwanee, GA",Social Media Associate
https://www.indeed.com/rc/clk?jk=b1a384601eeec56e&fccid=4ce00ab157c42404,"
    Scuf Gaming","Suwanee, GA",Social Media Manager
https://www.indeed.com/rc/clk?jk=5d3d5485c02e3fc0&fccid=6b5192cfc3227f64,"
    Bethesda Softworks","Rockville, MD", Event Manager
https://www.indeed.com/rc/clk?jk=24868abd11f2e849&fccid=7623d3879fa9542a,"
    NBA","New York, NY","Manager, "
https://www.indeed.com/rc/clk?jk=ace215303437cd7f&fccid=734cb5a01ee60f80,"
    Microsoft","Redmond, WA 98052",Xbox Live Communications PR Manager
https://www.indeed.com/rc/clk?jk=96f6a82e07f844db&fccid=645d83ee4cbe1d25,"
    Blizzard Entertainment","Irvine, CA"," Product Manager, Overwatch Collegiate"
https://www.indeed.com/rc/clk?jk=2abc9e403be05571&fccid=4550de09baf28b5b,,"San Francisco, CA",Social Media Manager
https://www.indeed.com/rc/clk?jk=2d7022ae13452398&fccid=0061d624b1276d4a,"
    Nexon America","El Segundo, CA",QA Tester - Live Games
https://www.indeed.com/rc/clk?jk=a1166797008043b0&fccid=71147e0539a0a1b7,"
    Activision","Seattle, WA",Office Coordinator - Central Technology - Seattle (Part-Time...
https://www.indeed.com/rc/clk?jk=6944492d7af5571f&fccid=645d83ee4cbe1d25,"
    Blizzard Entertainment","Irvine, CA","Game Designer, Balance"
https://www.indeed.com/rc/clk?jk=64464bbf7e5d4629&fccid=41fd4272923dc822,,"Washington, DC 20002 ",Game Night Staff - Marketing (Part-Time)
https://www.indeed.com/rc/clk?jk=d50d9ed17446ba72&fccid=aac555fbdb7c8e71,"
    Riot Games","Los Angeles, CA",Game Producer
https://www.indeed.com/rc/clk?jk=fc2d8993bee424cb&fccid=645d83ee4cbe1d25,"
    Blizzard Entertainment","Irvine, CA","Senior Manager, Strategy and Team Business Operations"
https://www.indeed.com/rc/clk?jk=494575af4ebbef73&fccid=aac555fbdb7c8e71,"
    Riot Games","Los Angeles, CA",Coordinator - Player Management
https://www.indeed.com/rc/clk?jk=36941d511c081f3d&fccid=d8b297144b6ab758,"
    Memphis Grizzlies","Memphis, TN 38103 ","Coordinator, Promotions & Live Entertainment ? G-League / eS..."
https://www.indeed.com/rc/clk?jk=ac4f88e2dbd1ecf4&fccid=92b6ad9b1bd886b6,"
    Turner","Atlanta, GA 30319","Director, Communications - Turner Sports"
https://www.indeed.com/rc/clk?jk=659ae27ebddbde00&fccid=71147e0539a0a1b7,"
    Activision","Santa Monica, CA 90405","Director, Media"
https://www.indeed.com/rc/clk?jk=e8b5899b1a7b5b6c&fccid=645d83ee4cbe1d25,"
    Blizzard Entertainment","New York, NY","Director, Business Intelligence"
https://www.indeed.com/rc/clk?jk=6b5ed4baa257a655&fccid=cd22d01053af7669,"
    Oracle",United States,Field Sales
https://www.indeed.com/rc/clk?jk=71590420dab9cfa6&fccid=645d83ee4cbe1d25,"
    Blizzard Entertainment","Irvine, CA",Broadcast Technician
https://www.indeed.com/rc/clk?jk=86bcb178f6b549e0&fccid=71147e0539a0a1b7,"
    Activision","Santa Monica, CA 90405",Associate Consumer Marketing Manager
https://www.indeed.com/rc/clk?jk=f24d607622b0693f&fccid=aac555fbdb7c8e71,"
    Riot Games","Los Angeles, CA", Live Production Coordinator
https://www.indeed.com/rc/clk?jk=e8457ac70c748142&fccid=2ef91925b05148f0,,"New York, NY","Social Video & Multimedia Editor, Sports (Remote)"
https://www.indeed.com/rc/clk?jk=21eaa91f5fbdb3d9&fccid=cb373231e99eaeac,"
    Corsair","Fremont, CA",Collegiate Outreach Program Manager
https://www.indeed.com/rc/clk?jk=e0accebbdf82a50f&fccid=71147e0539a0a1b7,"
    Activision","Santa Monica, CA 90405",User Research Moderator (Temporary)
https://www.indeed.com/rc/clk?jk=9f202ac1f7c138b3&fccid=645d83ee4cbe1d25,"
    Blizzard Entertainment","Irvine, CA","Analyst, Business and Gameplay Insights - Overwatch League"
https://www.indeed.com/rc/clk?jk=fafb306931cee164&fccid=2ef91925b05148f0,,"New York, NY",Motion Graphics Designer (Remote)
https://www.indeed.com/rc/clk?jk=89c09d831a55d6d4&fccid=645d83ee4cbe1d25,"
    Blizzard Entertainment","Irvine, CA","Manager, Broadcast Post Production"
https://www.indeed.com/rc/clk?jk=e3511c534d10dd4b&fccid=fa3d879e81192859,"
    Daybreak Games","San Diego, CA",Head of 
https://www.indeed.com/rc/clk?jk=aefc7b7ff76faa66&fccid=6b5192cfc3227f64,"
    Bethesda Softworks","Rockville, MD",Community Manager – Online Games
https://www.indeed.com/rc/clk?jk=9fad21e786f65ab7&fccid=645d83ee4cbe1d25,"
    Blizzard Entertainment","Irvine, CA","Graphic Designer, Overwatch League"
https://www.indeed.com/rc/clk?jk=00a887f5df199ace&fccid=41fd4272923dc822,,"Washington, DC 20002 ",INTERNSHIP (2017-18 Season): Digital Media
https://www.indeed.com/rc/clk?jk=d38ef44f18f27d83&fccid=41fd4272923dc822,,"Washington, DC 20002 ",INTERNSHIP (2017-18 Season): Marketing
https://www.indeed.com/rc/clk?jk=fdf004cc9333ba1a&fccid=7623d3879fa9542a,"
    NBA","New York, NY","Senior Director, Team Marketing and Business Operations - Es..."
https://www.indeed.com/rc/clk?jk=bc2fdebbe4bf592b&fccid=d6c646307fb2252c,"
    ASUS Computer International","Fremont, CA 94538 ",Social Media Marketing Manager
https://www.indeed.com/rc/clk?jk=1a6d2d4aed3f27ea&fccid=b060a47022521736,"
    Octagon","Stamford, CT","Sr. Analyst, Futures"
https://www.indeed.com/rc/clk?jk=27d846f792d2c293&fccid=71147e0539a0a1b7,"
    Activision","Santa Monica, CA 90405",(Senior) Director of Talent & Organizational Development
https://www.indeed.com/rc/clk?jk=e0bec3fe20b18cb9&fccid=645d83ee4cbe1d25,"
    Blizzard Entertainment","Irvine, CA"," Product Manager, Hearthstone Collegiate"
https://www.indeed.com/rc/clk?jk=8f81aa10d4a41ffc&fccid=6b5192cfc3227f64,"
    Bethesda Softworks","Rockville, MD",Community Manager – Quake Champions
https://www.indeed.com/rc/clk?jk=4e7ef5d246844a5e&fccid=aac555fbdb7c8e71,"
    Riot Games","Los Angeles, CA", IT Support Analyst
https://www.indeed.com/rc/clk?jk=af537677e02c214f&fccid=8ea54e852901f8b5,"
    Red Bull","Santa Monica, CA 90404","Director, "
https://www.indeed.com/rc/clk?jk=ed22499d426fea69&fccid=fa3d879e81192859,"
    Daybreak Games","San Diego, CA",Associate 
https://www.indeed.com/rc/clk?jk=36535710a0acb8dc&fccid=71147e0539a0a1b7,"
    Activision","Santa Monica, CA 90405",Jr. Graphic Designer
https://www.indeed.com/rc/clk?jk=bfd66b0a5d4c4f75&fccid=4550de09baf28b5b,,"San Francisco, CA",Digital Marketing Manager - 
https://www.indeed.com/rc/clk?jk=ecd0859d9855d9ed&fccid=bae55ff2c5ac1fca,"
    Caesars Enterprise Services","Las Vegas, NV",Sr. Director IT BRM - 
https://www.indeed.com/rc/clk?jk=d885f5d8d57d62ed&fccid=4550de09baf28b5b,,"San Francisco, CA",Operations Specialist Licensing & 
https://www.indeed.com/rc/clk?jk=da77fa8eb59e17e8&fccid=0061d624b1276d4a,"
    Nexon America","El Segundo, CA",Production Manager - Mabi Duel
https://www.indeed.com/rc/clk?jk=e745e106b9a0a515&fccid=71147e0539a0a1b7,"
    Activision","Santa Monica, CA 90405",Senior Application Developer
https://www.indeed.com/rc/clk?jk=c1fff37d0cdf8986&fccid=71147e0539a0a1b7,"
    Activision","Santa Monica, CA 90405",HRIS Analyst
https://www.indeed.com/rc/clk?jk=dae4e5c3cffe66ba&fccid=c015548b7d8dfb6b,"
    Monumental Sports & Entertainment","Washington, DC",Collections Administrator (Part-Time)
https://www.indeed.com/rc/clk?jk=494332eb41078363&fccid=645d83ee4cbe1d25,"
    Blizzard Entertainment","Irvine, CA",Lead Brand Artist
https://www.indeed.com/rc/clk?jk=7238074e229cb940&fccid=71147e0539a0a1b7,"
    Activision","Santa Monica, CA 90405","Senior Director, Consumer Technology"
https://www.indeed.com/rc/clk?jk=58e6f54ff81733d8&fccid=71147e0539a0a1b7,"
    Activision","Santa Monica, CA 90405",Senior Monetization Specialist
https://www.indeed.com/rc/clk?jk=fcd804824c1b3afb&fccid=645d83ee4cbe1d25,"
    Blizzard Entertainment","Irvine, CA","Senior Analyst, Strategy and Team Business Operations"
https://www.indeed.com/rc/clk?jk=61297c5cb963f8ce&fccid=645d83ee4cbe1d25,"
    Blizzard Entertainment","Irvine, CA","Software Engineer, "
https://www.indeed.com/rc/clk?jk=c224d35a8a706003&fccid=fe2d21eef233e94a,"
    Amazon Corporate LLC","Seattle, WA","Master Storyteller, Amazon Game Devs"
https://www.indeed.com/rc/clk?jk=b0105b5759265b49&fccid=a953334cacac2970,"
    NAMCO BANDAI","Santa Clara, CA", Leader
https://www.indeed.com/rc/clk?jk=b3b1b11487b86e8f&fccid=734cb5a01ee60f80,"
    Microsoft","Redmond, WA 98052",Designer 2
https://www.indeed.com/rc/clk?jk=768718561ffd314e&fccid=71147e0539a0a1b7,"
    Activision","Santa Monica, CA 90405",Corporate Recruiter
https://www.indeed.com/rc/clk?jk=2d6a6e1eb0d9384d&fccid=2248f073f98e22de,"
    Havas Media","Atlanta, GA 30303 ",Client Services & Production Intern (Gaming/
https://www.indeed.com/rc/clk?jk=18d6d87683e25850&fccid=4550de09baf28b5b,,"San Francisco, CA","Manager, Licensing & Strategic Partnerships"
https://www.indeed.com/rc/clk?jk=a854ede1a70f585e&fccid=81e720819d6faa96,"
    Hasbro","Pawtucket, RI 02861",Digital Technology & Privacy Attorney Job
https://www.indeed.com/rc/clk?jk=a57221978217014e&fccid=71147e0539a0a1b7,"
    Activision","Santa Monica, CA 90405",Senior Benefits Analyst
https://www.indeed.com/rc/clk?jk=aff4ec3d2c133e39&fccid=fe2d21eef233e94a,"
    Amazon Web Services, Inc.","Seattle, WA",Game Producer
https://www.indeed.com/rc/clk?jk=8344844998590110&fccid=734cb5a01ee60f80,"
    Microsoft","Redmond, WA 98052",Franchise Manager - Turn 10 Studios
https://www.indeed.com/rc/clk?jk=861e7e1232ccb486&fccid=e779d33455756e06,,"Irvine, CA",Senior Animator
https://www.indeed.com/rc/clk?jk=3131afc4a1e50c69&fccid=645d83ee4cbe1d25,"
    Blizzard Entertainment","Irvine, CA","Editor, Corporate Communications"
https://www.indeed.com/rc/clk?jk=0994dc9ba82ff95b&fccid=645d83ee4cbe1d25,"
    Blizzard Entertainment","Irvine, CA"," Product Manager, Heroes of the Storm Collegiate"
https://www.indeed.com/rc/clk?jk=73224182e075e055&fccid=645d83ee4cbe1d25,"
    Blizzard Entertainment","Irvine, CA",Senior 
https://www.indeed.com/rc/clk?jk=749b91f6840c9c7e&fccid=645d83ee4cbe1d25,"
    Blizzard Entertainment","Irvine, CA","Senior Software Engineer, Game Sites"
https://www.indeed.com/rc/clk?jk=751cd50db7682705&fccid=aac555fbdb7c8e71,"
    Riot Games","Los Angeles, CA",Join the Visual Design Team
https://www.indeed.com/rc/clk?jk=3655db5e159df203&fccid=645d83ee4cbe1d25,"
    Blizzard Entertainment","Irvine, CA",Network Administrator
https://www.indeed.com/rc/clk?jk=97e42a8476b518a2&fccid=4370c0f6343818a9,"
    Downtown Grand Las Vegas","Las Vegas, NV", Coordinator
https://www.indeed.com/rc/clk?jk=3461342c458dc906&fccid=aac555fbdb7c8e71,"
    Riot Games","Los Angeles, CA",Senior Quality Analyst
https://www.indeed.com/rc/clk?jk=08a1a7bdf81cb095&fccid=fe2d21eef233e94a,"
    Amazon Corporate LLC","Irvine, CA","Social Media Specialist, Breakaway"
https://www.indeed.com/rc/clk?jk=ffa16fc3e14a8007&fccid=71147e0539a0a1b7,"
    Activision","Santa Monica, CA 90405",Associate Desktop Support Technician
https://www.indeed.com/rc/clk?jk=e0972c5102475985&fccid=645d83ee4cbe1d25,"
    Blizzard Entertainment","New York, NY","Senior Manager, Editorial"
https://www.indeed.com/rc/clk?jk=e31c2ce0fdeea20e&fccid=645d83ee4cbe1d25,"
    Blizzard Entertainment","Irvine, CA"," Franchise Lead, Overwatch"
https://www.indeed.com/rc/clk?jk=bb2705c824747894&fccid=0061d624b1276d4a,"
    Nexon America","El Segundo, CA",Localization Copy Editor (Contract)
https://www.indeed.com/rc/clk?jk=f02e496a45912ccc&fccid=aac555fbdb7c8e71,"
    Riot Games","Los Angeles, CA",Marketing Performance & Analytics Lead
https://www.indeed.com/rc/clk?jk=ab89b94682fe1559&fccid=aac555fbdb7c8e71,"
    Riot Games","Los Angeles, CA",Engineering Leadership
https://www.indeed.com/rc/clk?jk=3a2cfd288850559f&fccid=0061d624b1276d4a,"
    Nexon America","El Segundo, CA",Localization Coordinator / Translator (Temp)
https://www.indeed.com/rc/clk?jk=c2c3551ccec66e08&fccid=fe2d21eef233e94a,"
    Amazon Web Services, Inc.","Irvine, CA","Head of Community, Breakaway"
https://www.indeed.com/rc/clk?jk=6632a274f96bede1&fccid=aac555fbdb7c8e71,"
    Riot Games","Los Angeles, CA", Analyst (Technical)
https://www.indeed.com/rc/clk?jk=02517219c4e23370&fccid=3e5db2de424b29e6,"
    FloSports","Austin, TX 78702 ",Milesplit Stats Associate
https://www.indeed.com/rc/clk?jk=4dc9ba1db0721bca&fccid=b2723efaba757671,"
    Concentrus","Industry, CA",Marketing Manager
https://www.indeed.com/rc/clk?jk=ae221e9a2d2898a7&fccid=b060a47022521736,"
    Octagon","Atlanta, GA 30328","Sr. Account Executive, Gaming Client ("
https://www.indeed.com/rc/clk?jk=1c09a57176beb436&fccid=aac555fbdb7c8e71,"
    Riot Games","Los Angeles, CA",Coordinator - League Operations
https://www.indeed.com/rc/clk?jk=0952793866a2726b&fccid=645d83ee4cbe1d25,"
    Blizzard Entertainment","Irvine, CA",Senior Project Manager
https://www.indeed.com/rc/clk?jk=a9113b8c75227d16&fccid=3e5db2de424b29e6,"
    FloSports","Austin, TX 78702 ",Senior Editor - FloTrack
https://www.indeed.com/rc/clk?jk=ca3b15ce58ec502a&fccid=645d83ee4cbe1d25,"
    Blizzard Entertainment","Irvine, CA","UX Designer, Overwatch Websites"
https://www.indeed.com/rc/clk?jk=41a0ad58f0665221&fccid=e779d33455756e06,,"Irvine, CA",Video Editor / Shooter
https://www.indeed.com/rc/clk?jk=aca8b55f9ff9d3b3&fccid=3e5db2de424b29e6,"
    FloSports","Austin, TX 78702 ",Senior Editor - Milesplit
https://www.indeed.com/rc/clk?jk=17916b6503794b23&fccid=645d83ee4cbe1d25,"
    Blizzard Entertainment","Irvine, CA","Sponsorships Operations Manager, "
https://www.indeed.com/rc/clk?jk=935a7a539d815b94&fccid=71147e0539a0a1b7,"
    Activision","Santa Monica, CA 90405","Product Manager, Marketing - Call of Duty"
https://www.indeed.com/rc/clk?jk=4b69d86db67d4df6&fccid=0061d624b1276d4a,"
    Nexon America","El Segundo, CA",Sr. Brand Manager
https://www.indeed.com/rc/clk?jk=c92772b28fbb8193&fccid=3e5db2de424b29e6,"
    FloSports","Austin, TX 78702 ",Customer Service Representative-Part Time
https://www.indeed.com/rc/clk?jk=cb206131e191ef62&fccid=617d7f961cfcf54a,"
    Electronic Arts","Los Angeles, CA",Competitive Systems Manager
https://www.indeed.com/rc/clk?jk=749d162b7f3cc5d2&fccid=71147e0539a0a1b7,"
    Activision","Santa Monica, CA 90405",Product Marketing Manager
https://www.indeed.com/rc/clk?jk=77fda3577e46bbce&fccid=fe2d21eef233e94a,"
    Amazon Web Services, Inc.","Seattle, WA","Sr. Marketing Research Manager, Amazon Lumberyard"
https://www.indeed.com/rc/clk?jk=2250506df224361c&fccid=fe2d21eef233e94a,"
    Amazon Corporate LLC","Seattle, WA",Senior Product Manager - Twitch Prime
https://www.indeed.com/rc/clk?jk=4b0f71d8d123950f&fccid=fe2d21eef233e94a,"
    Amazon Corporate LLC","Seattle, WA",Executive Producer - Amazon Game Studios
https://www.indeed.com/rc/clk?jk=3fe66439c763f538&fccid=71147e0539a0a1b7,"
    Activision","Santa Monica, CA 90405",Digital Commerce Specialist
https://www.indeed.com/rc/clk?jk=f7ac704be78a4bc1&fccid=c332ce7283f695be,"
    Posh Technologies","Burlingame, CA",BI Engineer
https://www.indeed.com/rc/clk?jk=7561c4826d15976c&fccid=3832275c70f3dc7f,,"San Mateo, CA",Art Director
https://www.indeed.com/rc/clk?jk=edd97b547b5f1ac8&fccid=3e5db2de424b29e6,"
    FloSports","Austin, TX 78702 ",Sr. Rights & Acquisitions Manager-FloRugby
https://www.indeed.com/rc/clk?jk=80a1f88458a0a88f&fccid=0bab854426fe5057,"
    TeamPeople, LLC","Santa Clara, CA", Marketing Manager
https://www.indeed.com/rc/clk?jk=0caabf545f2dc31c&fccid=645d83ee4cbe1d25,"
    Blizzard Entertainment","Irvine, CA",Senior Recruiter
https://www.indeed.com/rc/clk?jk=7eb17adcdd951184&fccid=e779d33455756e06,,"Irvine, CA","Managing Editor, Breakaway"
https://www.indeed.com/rc/clk?jk=ceb909e1d535391a&fccid=3e5db2de424b29e6,"
    FloSports","Austin, TX 78702 ",Senior Editor - FloFootball
https://www.indeed.com/rc/clk?jk=4cf95993f9a694e1&fccid=fe2d21eef233e94a,"
    Amazon Corporate LLC","Seattle, WA",Gameplay Engineer
https://www.indeed.com/rc/clk?jk=7e11e25d3f40c3b1&fccid=71147e0539a0a1b7,"
    Activision","Santa Monica, CA 90405",Data Engineer
https://www.indeed.com/rc/clk?jk=a3989aeffae589e1&fccid=71147e0539a0a1b7,"
    Activision","Santa Monica, CA 90405","Manager, Consumer and Shopper Insights"
https://www.indeed.com/rc/clk?jk=d596f3dcf06c25dd&fccid=fe2d21eef233e94a,"
    Amazon Web Services, Inc.","Seattle, WA",Sr. Channel Marketing Manager
https://www.indeed.com/rc/clk?jk=1e2f8d6de73ba24b&fccid=fe2d21eef233e94a,"
    Amazon Corporate LLC","Seattle, WA",Games Networking Engineer
https://www.indeed.com/rc/clk?jk=5a126af24dc6d233&fccid=fe2d21eef233e94a,"
    Amazon Corporate LLC","Seattle, WA",Franchise Leader - Amazon Game Studios
https://www.indeed.com/rc/clk?jk=f467e05352102956&fccid=645d83ee4cbe1d25,"
    Blizzard Entertainment","Irvine, CA","Media Asset Manager, Broadcast"
https://www.indeed.com/rc/clk?jk=8db86331469865a7&fccid=3e5db2de424b29e6,"
    FloSports","Austin, TX 78702 ",Senior Front End Web Engineer- TypeScript/Angular
https://www.indeed.com/rc/clk?jk=f5317cb602890578&fccid=71147e0539a0a1b7,"
    Activision","Santa Monica, CA 90405","Manager, Finance & Operations"
https://www.indeed.com/rc/clk?jk=4a06467a8d9d8651&fccid=3e5db2de424b29e6,"
    FloSports","Austin, TX 78702 ",Senior Editor - FloHockey
https://www.indeed.com/rc/clk?jk=704780c7cfc8a881&fccid=645d83ee4cbe1d25,"
    Blizzard Entertainment","New York, NY","Senior Director, Marketing"
https://www.indeed.com/rc/clk?jk=f80920e2ab4e01e8&fccid=fe2d21eef233e94a,"
    Amazon Corporate LLC","Seattle, WA",Senior Gameplay Engineer
https://www.indeed.com/rc/clk?jk=225aa3d03898fe7e&fccid=645d83ee4cbe1d25,"
    Blizzard Entertainment","Irvine, CA",Technical Producer
https://www.indeed.com/rc/clk?jk=48d45af16cea2b60&fccid=3e5db2de424b29e6,"
    FloSports","Austin, TX 78702 ",Sr. Rights & Acquisitions-FloElite
https://www.indeed.com/rc/clk?jk=2fd83d749d837b61&fccid=e779d33455756e06,,"Irvine, CA",Game Server Engineer
https://www.indeed.com/rc/clk?jk=6f245dc010de7e2d&fccid=aac555fbdb7c8e71,"
    Riot Games","Los Angeles, CA",Senior Visual Designer
https://www.indeed.com/rc/clk?jk=4f084c0c09be9b06&fccid=0061d624b1276d4a,"
    Nexon America","El Segundo, CA","Technical Lead, Western Games Development"
https://www.indeed.com/rc/clk?jk=352876cc7b991b4a&fccid=645d83ee4cbe1d25,"
    Blizzard Entertainment","Irvine, CA","Senior Manager, Financial Planning and Analysis, "
https://www.indeed.com/rc/clk?jk=eadba9cc9a82c0d4&fccid=617d7f961cfcf54a,"
    Electronic Arts","Orlando, FL",Sr Producer
https://www.indeed.com/rc/clk?jk=e5ad0188af1f33f6&fccid=41fd4272923dc822,,"Washington, DC 20002 ",Massage Therapist
https://www.indeed.com/rc/clk?jk=20c6e63312e994f7&fccid=683f563b5cc25b70,"
    Nielsen","New York, NY 10003 ","Director, Data Strategy and Analytics"
https://www.indeed.com/rc/clk?jk=d93bf9566b694c78&fccid=fe2d21eef233e94a,"
    Amazon Corporate LLC","Seattle, WA",Physics Gameplay Engineer
https://www.indeed.com/rc/clk?jk=4ce2fc004ecef3cb&fccid=645d83ee4cbe1d25,"
    Blizzard Entertainment","Irvine, CA","Director, Global Corporate Communications"
https://www.indeed.com/rc/clk?jk=9f1c5792c36a5645&fccid=86c0b4fa6c1398be,"
    Volt Workforce Solutions","Irvine, CA", Event Coordinator
https://www.indeed.com/rc/clk?jk=7cede38b01237a24&fccid=e21f6affbb4bb0b2,"
    Twitch","San Francisco, CA",Senior Software Engineer - Internationalization
https://www.indeed.com/rc/clk?jk=5ab9e162ee147065&fccid=4550de09baf28b5b,,"San Francisco, CA","Sr. Manager, Content Strategy & Business Development"
https://www.indeed.com/rc/clk?jk=bf1db5d302866e8f&fccid=3e5db2de424b29e6,"
    FloSports","Austin, TX 78702 ",Senior Systems Engineer
https://www.indeed.com/rc/clk?jk=6d05a23ecf62e584&fccid=fe2d21eef233e94a,"
    Amazon Corporate LLC","Seattle, WA",Live Services Engineer
https://www.indeed.com/rc/clk?jk=d0cd3705c847e77d&fccid=e779d33455756e06,,"Irvine, CA",Product Management Lead - Breakaway
https://www.indeed.com/rc/clk?jk=fa720b368e112413&fccid=fe2d21eef233e94a,"
    Amazon Corporate LLC","Seattle, WA",Finance Manager - AWS Digital
https://www.indeed.com/rc/clk?jk=b22e15314c8847ce&fccid=e779d33455756e06,,"Irvine, CA",Game Build Engineer – New World
https://www.indeed.com/rc/clk?jk=6f896c291a20e5c5&fccid=cd22d01053af7669,"
    Oracle","Redwood City, CA",Technology Sales Representative III
https://www.indeed.com/rc/clk?jk=7fe5352731cb6617&fccid=4d437fc7c04a0344,,"Santa Monica, CA",Senior iOS Engineer
https://www.indeed.com/rc/clk?jk=e1c667f75ba22397&fccid=3e5db2de424b29e6,"
    FloSports","Austin, TX 78702 ",Content Marketing Coordinator- FloGrappling
https://www.indeed.com/rc/clk?jk=f3737eb20c816cfd&fccid=2ae80f4147765b67,"
    Ketchum","New York, NY","Managing Account Supervisor, Sports"
https://www.indeed.com/rc/clk?jk=8b82d9fc88b8258a&fccid=3e5db2de424b29e6,"
    FloSports","Austin, TX 78702 ",Content Marketing Coordinator- FloTrack
https://www.indeed.com/rc/clk?jk=929c04e5f0b48d0b&fccid=645d83ee4cbe1d25,"
    Blizzard Entertainment","Irvine, CA",Senior Reliability Engineer (Events)
https://www.indeed.com/rc/clk?jk=debc351965bda5d0&fccid=e779d33455756e06,,"Irvine, CA",Motion Graphics Designer
https://www.indeed.com/rc/clk?jk=21214234984d2d67&fccid=3e5db2de424b29e6,"
    FloSports","Austin, TX 78702 ",Content Marketing Coordinator- FloDance
https://www.indeed.com/rc/clk?jk=fb849afda9bce3b5&fccid=71147e0539a0a1b7,"
    Activision","Santa Monica, CA 90405",Senior Data Engineer
https://www.indeed.com/rc/clk?jk=599e54f72d143f2c&fccid=3e5db2de424b29e6,"
    FloSports","Austin, TX 78702 ",Content Marketing Coordinator- FloFootball
https://www.indeed.com/rc/clk?jk=838860828244e741&fccid=fe2d21eef233e94a,"
    Amazon Corporate LLC","Seattle, WA",Senior Product Marketing Manager - Game Developers
https://www.indeed.com/rc/clk?jk=eaacc947575a1bbe&fccid=3e5db2de424b29e6,"
    FloSports","Austin, TX 78702 ",Sr. Rights & Acquisitions Manager-FloRacing
https://www.indeed.com/rc/clk?jk=bb9a1356d4fa08bf&fccid=3e5db2de424b29e6,"
    FloSports","Austin, TX 78702 ",Sr. Rights & Acquisitions Manager-FloCycling
https://www.indeed.com/rc/clk?jk=58b9a26332d5dc02&fccid=3e5db2de424b29e6,"
    FloSports","Austin, TX 78702 ",Sr. Rights & Acquisitions Manager-FloDance
https://www.indeed.com/rc/clk?jk=6bb4f1b84625c96b&fccid=71147e0539a0a1b7,"
    Activision","Santa Monica, CA 90405","Senior Analyst, Tax"
https://www.indeed.com/rc/clk?jk=b4b5ea192537d30b&fccid=71147e0539a0a1b7,"
    Activision","Santa Monica, CA 90405",Principal Tools Engineer - Central Technology
https://www.indeed.com/rc/clk?jk=d8502a01f359a7b1&fccid=734cb5a01ee60f80,"
    Microsoft","Redmond, WA 98052",Senior Designer - Xbox Design Studio
https://www.indeed.com/rc/clk?jk=4ea07329673607f6&fccid=fe2d21eef233e94a,"
    Amazon Corporate LLC","Seattle, WA",Visual Effects Artist
https://www.indeed.com/rc/clk?jk=0c7547a350ecde56&fccid=fe2d21eef233e94a,"
    Amazon Corporate LLC","Seattle, WA",Senior Product Marketing Manager
https://www.indeed.com/rc/clk?jk=eec8e079234a36a2&fccid=e779d33455756e06,,"Irvine, CA",Senior Narrative Designer - Breakaway
https://www.indeed.com/rc/clk?jk=df5a5869eede1f01&fccid=fe2d21eef233e94a,"
    Amazon Corporate LLC","Seattle, WA",Technical Art Director
https://www.indeed.com/rc/clk?jk=74b26611f4ef1e93&fccid=5669b03906512f0a,"
    24 Seven","Santa Monica, CA 90401",Online Gaming Company Seeking Content Manager For 
https://www.indeed.com/rc/clk?jk=df0b039b9d14c9e5&fccid=e779d33455756e06,,"Irvine, CA",Sr. Tools Engineer – New World
https://www.indeed.com/rc/clk?jk=08a37cd6e3a81b22&fccid=3e5db2de424b29e6,"
    FloSports","Austin, TX 78702 ",Software Project Manager
https://www.indeed.com/rc/clk?jk=d5da7008077e0a47&fccid=fe2d21eef233e94a,"
    Amazon Corporate LLC","Seattle, WA",Game Pipeline and Tools Software Development Manager
https://www.indeed.com/rc/clk?jk=6bf9f435ea4f62b7&fccid=3e5db2de424b29e6,"
    FloSports","Austin, TX 78702 ","Full Stack Web Engineer, Subscription Revenue"
https://www.indeed.com/rc/clk?jk=3df8832073937c6b&fccid=71147e0539a0a1b7,"
    Activision","Santa Monica, CA 90405",Senior Producer – Mobile
https://www.indeed.com/rc/clk?jk=940bbf6871ff5634&fccid=3e5db2de424b29e6,"
    FloSports","Austin, TX 78702 ",Content Marketing Coordinator- FloCycling
https://www.indeed.com/rc/clk?jk=3b3dace821c75a29&fccid=fe2d21eef233e94a,"
    Amazon Corporate LLC","Seattle, WA",Sr AI Gameplay Engineer
https://www.indeed.com/rc/clk?jk=f68a04092f3ac1d5&fccid=fe2d21eef233e94a,"
    Amazon Corporate LLC","Seattle, WA",Lighting Artist
https://www.indeed.com/rc/clk?jk=21a0dc32797acedf&fccid=3e5db2de424b29e6,"
    FloSports","Austin, TX 78702 ",Content Marketing Coordinator – FloRodeo
https://www.indeed.com/rc/clk?jk=0fb5521e0b13e395&fccid=fe2d21eef233e94a,"
    Amazon Corporate LLC","Seattle, WA","Software Development Engineer, Twitch Prime"
https://www.indeed.com/rc/clk?jk=ad61f4c4c228bc76&fccid=e779d33455756e06,,"Irvine, CA",Technical Program Manager – New World
https://www.indeed.com/rc/clk?jk=6d0eefa77459d068&fccid=e779d33455756e06,,"Irvine, CA","Senior Server Engineer, Live Operations – New World"
https://www.indeed.com/rc/clk?jk=88922c366e8224f9&fccid=fe2d21eef233e94a,"
    Amazon Corporate LLC","Seattle, WA","Software Development Manager, Amazon Game Studios"
https://www.indeed.com/rc/clk?jk=40b481cd65236514&fccid=e779d33455756e06,,"Irvine, CA","SDK Development Engineer, Amazon Game Services"
https://www.indeed.com/rc/clk?jk=dba4ca7bc3a8bd6b&fccid=fe2d21eef233e94a,"
    Amazon Corporate LLC","Seattle, WA",Tools Software Development Engineer
https://www.indeed.com/rc/clk?jk=b6abc2a1f2664006&fccid=e779d33455756e06,,"Irvine, CA",Sr. Technical Artist Shading/Modeling
https://www.indeed.com/rc/clk?jk=133c2ccf2c2bb4fd&fccid=e779d33455756e06,,"Irvine, CA",Sr. Product Manager - New World
https://www.indeed.com/rc/clk?jk=ef56e19e4a4f63c7&fccid=fe2d21eef233e94a,"
    Amazon Corporate LLC","Seattle, WA",Software Development Engineer
https://www.indeed.com/rc/clk?jk=a381a5a5a2b81e55&fccid=e779d33455756e06,,"Irvine, CA","Software Development Engineer, Live Operations – New World"
https://www.indeed.com/rc/clk?jk=25ef3e820146a75a&fccid=0613c87c16dfe045,,"San Francisco, CA",Sr. Android Apps Developer
https://www.indeed.com/rc/clk?jk=0e7e620a8e624833&fccid=71147e0539a0a1b7,"
    Activision","Santa Monica, CA 90405",Associate Retail Marketing Manager
https://www.indeed.com/rc/clk?jk=1fce4dbed8a4f920&fccid=e779d33455756e06,,"San Diego, CA",Creative Director
https://www.indeed.com/rc/clk?jk=44b927e58207b8cb&fccid=e779d33455756e06,,"Irvine, CA",Software Development Engineer – New World
https://www.indeed.com/rc/clk?jk=4a380f6941de2738&fccid=9b480523593ed115,,"Los Angeles, CA",Sr. Java Developer
https://www.indeed.com/rc/clk?jk=d3714b1d08f177c5&fccid=173aeed600464fee,,"New York, NY","Director, Partnership Sales - Electronic Sports Events"
https://www.indeed.com/rc/clk?jk=7c2e038c6ba02486&fccid=fe2d21eef233e94a,"
    Amazon Corporate LLC","Seattle, WA","3D texture Artist, AGS"
https://www.indeed.com/rc/clk?jk=120e5d380dcc452c&fccid=fe2d21eef233e94a,"
    Amazon Corporate LLC","Seattle, WA","3D environment Artist, AGS"
https://www.indeed.com/rc/clk?jk=a5e9cdce6df83fd8&fccid=fe2d21eef233e94a,"
    Amazon Corporate LLC","Seattle, WA","3D Artist, AGS"
https://www.indeed.com/rc/clk?jk=43bae65b52fd8977&fccid=b49e9678be09b3cb,"
    Amazon Digital Services LLC","Seattle, WA","Sr Manager, Software Development – Twitch Prime"
https://www.indeed.com/rc/clk?jk=ba73661cb0cf219c&fccid=645d83ee4cbe1d25,"
    Blizzard Entertainment","Irvine, CA",Systems Engineer
https://www.indeed.com/rc/clk?jk=2cddb3b2fcad97fc&fccid=3e5db2de424b29e6,"
    FloSports","Austin, TX 78702 ",Content Marketing Coordinator- FloRacing
https://www.indeed.com/rc/clk?jk=d7e2cf672b733baf&fccid=5c5ddfa56d3c6d8a,,Colorado, Data Analyst
https://www.indeed.com/rc/clk?jk=0a46601be868e0c7&fccid=2a7cec9758d755c2,,"Atlanta, GA 30308 ",Community Marketing Manager
https://www.indeed.com/company/Our-Spark-International/jobs/Content-Producer-Esport-2e0a078913f20f59?fccid=a1d6acdc4a62d95a,,"Burbank, CA",Content Producer-
https://www.indeed.com/company/90min/jobs/Air-Esport-Talent-f8ecfcd6a7bb6048?fccid=d0107b95c2b340a2,,"New York, NY",On-Air 
https://www.indeed.com/company/Winners.net/jobs/Content-Editor-34543ef8efcf54d7?fccid=4f4b3de51c5b807d,,"Minneapolis, MN",Content Editor
https://www.indeed.com/company/Oracle/jobs/New-Media-Sales-9de38fcf9243d6c4?fccid=cd22d01053af7669,"
    Oracle","Redwood City, CA",New Media Sales
https://www.indeed.com/company/90min/jobs/Entertainment-Comic-Book-Pop-Culture-Part-Time-Writer-a0d3690c3aae0f12?fccid=d0107b95c2b340a2,,"New York, NY",Entertainment/Comic Books/Pop Culture Part-Time Writer
https://www.indeed.com/rc/clk?jk=e1bcd0d36c494e4c&fccid=eb1839f661b8f2b5,,"New York, NY", Video Editor
https://www.indeed.com/company/Winners.net/jobs/Data-Analyst-a41743a2f29e2658?fccid=4f4b3de51c5b807d,,"Minneapolis, MN",Data Analyst
https://www.indeed.com/company/WHAM-Network/jobs/Social-Media-Manager-5624879487def5e3?fccid=9fac1496d16b6109,,"Burbank, CA",Social Media Manager
https://www.indeed.com/company/Oomba/jobs/Esport-Creative-Lead-cc3fff6d14c3bedb?fccid=de25b94610020ebd,,"Irvine, CA 92618", Creative Lead
https://www.indeed.com/company/iBUYPOWER/jobs/E-Tail-Account-Assistant-f31367394f830aa2?fccid=29baa43caa76a190,,"Industry, CA 91746",E-Tail Account Assistant
https://www.indeed.com/company/90min/jobs/Esport-Video-Editor-1da3c825d78115f2?fccid=d0107b95c2b340a2,,"New York, NY", Video Editor
"https://www.indeed.com/company/ConcurApp,-LLC/jobs/Website-Developer-8ecc763e4c42a762?fccid=8e385c8c23dbe331",,"Atlanta, GA",Website Developer
https://www.indeed.com/company/90min/jobs/Entertainment-Comic-Book-Pop-Culture-Journalism-Internship-9586ed12818f3666?fccid=d0107b95c2b340a2,,"New York, NY",Entertainment/Comic Books/Pop Culture Journalism Internship
https://www.indeed.com/company/90min/jobs/US-Sport-Content-Editor-872e61c0eaef7568?fccid=d0107b95c2b340a2,,"New York, NY",U.S. Sports Content Editor
https://www.indeed.com/rc/clk?jk=ae4af28d5f22761b&fccid=dc156e4b91443100,"
    Sony Interactive Entertainment PlayStation","San Mateo, CA", Partnership Specialist
https://www.indeed.com/rc/clk?jk=bb6ce8c62a83a059&fccid=ecf539b4f66ba031,,"San Francisco, CA",Public Relations Associate
https://www.indeed.com/rc/clk?jk=670f85a3b3b5b4a4&fccid=0613c87c16dfe045,,"San Francisco, CA",Business Development Associate
https://www.indeed.com/rc/clk?cmp=ESL%2FTurtle-Entertainment-America&ti=Broadcast+Engineer&jk=1f38e199523fab3b&fccid=af219fb2995d74e5,,"Burbank, CA",Broadcast Engineer
https://www.indeed.com/rc/clk?jk=c0abb770528e7237&fccid=5c5ddfa56d3c6d8a,,"Denver, CO", Stage Manager
https://www.indeed.com/rc/clk?cmp=ESL%2FTurtle-Entertainment-America&ti=Broadcast+Technician&jk=3a6efe9b97e50998&fccid=af219fb2995d74e5,,"Burbank, CA",Broadcast Technician
https://www.indeed.com/rc/clk?jk=445376645ab975db&fccid=ecf539b4f66ba031,,"Portland, OR",Customer Service Representative
https://www.indeed.com/company/Checkmate-Gaming/jobs/Crm-Marketing-Data-Manager-cd1d9e9c5e63391b?fccid=07949f917368dbff,,"Scarborough, ME",CRM Marketing and Data Manager
https://www.indeed.com/company/Multiverse-Corps.-Comics/jobs/Customer-Service-Representative-abfe6118d64f21b5?fccid=3927a310c45bf092,,"Miami, FL",Customer Service Representative
https://www.indeed.com/company/Mighty-Media-Studios/jobs/Channel-Coordinator-Associate-Producer-8b6ca53a96215312?fccid=4534af767409c7d1,,"Bellevue, WA",Channel Coordinator/Associate Producer
https://www.indeed.com/rc/clk?jk=755b729b41ecb97b&fccid=ecf539b4f66ba031,,"San Francisco, CA",Business Intelligence Analyst
https://www.indeed.com/company/Oomba/jobs/Esport-Event-Lead-412a1c78a4586da3?fccid=de25b94610020ebd,,"Irvine, CA 92618", Event Lead
https://www.indeed.com/rc/clk?jk=219459ba3d8fecdd&fccid=ecf539b4f66ba031,,"San Francisco, CA",Gamer Portal Product Manager
https://www.indeed.com/rc/clk?jk=d2136ce0ed2dd52e&fccid=ecf539b4f66ba031,,"San Francisco, CA",Marketing Manager
https://www.indeed.com/company/iBUYPOWER/jobs/Marketing-Manager-d1c178177a42cc0b?fccid=29baa43caa76a190,,"Industry, CA 91746",Marketing Manager
https://www.indeed.com/rc/clk?cmp=Emazing-Lights-%2F-iHeart-Raves-%2F-INTO-THE-AM&ti=Into+Am&jk=fe6cccb782ad5665&fccid=4c188e5c96059986,"
    Emazing Lights / iHeart Raves / INTO THE AM","Anaheim, CA",INTO THE AM - Social Media Marketing Internship - Entry Leve...
https://www.indeed.com/rc/clk?jk=5534dafa3c22f870&fccid=01a5b39f260f43cd,"
    Cineplex Entertainment LP","Fort Worth, TX",Receptionist - Office Support
https://www.indeed.com/rc/clk?jk=8feccfb1694636e3&fccid=01a5b39f260f43cd,"
    Cineplex Entertainment LP",California,Route/Service Technician - Player One Amusement Group
https://www.indeed.com/rc/clk?jk=d51343b883d37781&fccid=ecf539b4f66ba031,,"San Francisco, CA",Head of Content
https://www.indeed.com/company/Oomba/jobs/Esport-Marketing-Lead-b30b6b115852fecc?fccid=de25b94610020ebd,,"Irvine, CA 92618", Marketing Lead
https://www.indeed.com/rc/clk?jk=60c23e6cb42d9a3e&fccid=ecf539b4f66ba031,,"San Francisco, CA",Recruiter
https://www.indeed.com/rc/clk?jk=f6dd6726106c5656&fccid=ecf539b4f66ba031,,"San Francisco, CA",Recruiting Coordinator
https://www.indeed.com/company/SCUF-GAMING/jobs/Social-Media-Manager-6b47399ee5b3b61e?fccid=1706dcc139f3e6d7,"
    SCUF Gaming International, LLC","Suwanee, GA",Social Media Manager
https://www.indeed.com/company/Viper-Analytics/jobs/Senior-Dot-Net-Developer-fe3c7f5971ce4bea?fccid=8607459f6029433a,,"Washington, DC",Senior Dot Net Developer (ASP.NET Core)
https://www.indeed.com/rc/clk?jk=35def76b85ee7477&fccid=ecf539b4f66ba031,,"San Francisco, CA",Associate Product Manager
https://www.indeed.com/rc/clk?jk=3ffe4d8dcaa5e61e&fccid=ecf539b4f66ba031,,"San Francisco, CA",Strategic Finance Associate
https://www.indeed.com/company/GameWorksChesapeake/jobs/Esport-Attendant-Host-Server-68055359ba80bc35?fccid=73ecc5ec71b55cc8,,"Seattle, WA 98101 ", Attendant/Host/Server
https://www.indeed.com/rc/clk?jk=cb24be8815286bc4&fccid=ecf539b4f66ba031,,"San Francisco, CA",Enterprise Account Executive
https://www.indeed.com/rc/clk?jk=77cbc80d11ca8c75&fccid=01a5b39f260f43cd,"
    Cineplex Entertainment LP","Simi Valley, CA",Driver/Warehouse Associate - Player One Amusement Group
https://www.indeed.com/company/90min/jobs/Senior-Esport-Content-Editor-1729e6af9f2211ef?fccid=d0107b95c2b340a2,,"New York, NY",Senior 
https://www.indeed.com/rc/clk?jk=ee11ba3e4cc6a7cb&fccid=162e0ef6adaa316d,,"Oakland, CA",Game Systems Engineer
https://www.indeed.com/rc/clk?jk=9dc8676810e1048b&fccid=0613c87c16dfe045,,"San Francisco, CA",Data Science Engineer
https://www.indeed.com/rc/clk?jk=2fbf217adcb3cbeb&fccid=2a98ca99d0a515ba,,United States,Marketing Manager
https://www.indeed.com/rc/clk?jk=1fb27ec4d8aa59c7&fccid=cafe7598738d0b32,"
    RedPeg Marketing","Alexandria, VA 22314 ",Director of Gaming & 
https://www.indeed.com/rc/clk?cmp=ESL%2FTurtle-Entertainment-America&ti=Project+Accountant&jk=f9835f9c8df06b3f&fccid=af219fb2995d74e5,,"Burbank, CA",Project Accountant
https://www.indeed.com/rc/clk?jk=0d99ea99abb84d1e&fccid=fb555cd5131bb482,,"Seattle, WA","Software Development Engineer, Distributed Media Pipeline"
https://www.indeed.com/rc/clk?cmp=ESL%2FTurtle-Entertainment-America&ti=Associate&jk=d29f2df949eaf96e&fccid=af219fb2995d74e5,,"Burbank, CA","Associate, Pub/Dev Relations"
https://www.indeed.com/rc/clk?jk=82f3f8d5b114521f&fccid=ecf539b4f66ba031,,"San Francisco, CA",Public Relations Intern
https://www.indeed.com/company/Pastimes-Incorporated/jobs/Associate-Project-Manager-4a671e336e2f0621?fccid=eaa2212d39868083,,"Elmhurst, IL",Associate Project Manager
https://www.indeed.com/rc/clk?jk=902d80366ef0443f&fccid=ecf539b4f66ba031,,"San Francisco, CA",Project Manager
https://www.indeed.com/rc/clk?jk=76d9fd47b5228a6b&fccid=162e0ef6adaa316d,,"Oakland, CA",Senior Gameplay Engineer
https://www.indeed.com/rc/clk?jk=f2534a2af7a5e49d&fccid=ecf539b4f66ba031,,"San Francisco, CA",Product Marketing Manager
https://www.indeed.com/rc/clk?cmp=ESL%2FTurtle-Entertainment-America&ti=VP+Finance&jk=fd1b16a1acdada52&fccid=af219fb2995d74e5,,"Burbank, CA",VP of Finance
https://www.indeed.com/rc/clk?jk=af31312ced5851ff&fccid=ecf539b4f66ba031,,"San Francisco, CA","Manager, Growth & Retention"
https://www.indeed.com/company/LVLUP-Dojo/jobs/Esport-Video-Editor-Intern-b1610274200511f7?fccid=140754ddd193c896,,"Los Angeles, CA", Video Editor Intern
https://www.indeed.com/rc/clk?cmp=ESL%2FTurtle-Entertainment-America&ti=Project+Controller&jk=06712bf82495ac07&fccid=af219fb2995d74e5,,"Burbank, CA",Project Controller
https://www.indeed.com/rc/clk?jk=ec9395a27280165d&fccid=dfac2efb4a8288e2,,"Santa Ana, CA 92701",Director of Finance
https://www.indeed.com/company/Esports-Arena/jobs/Bartender-Server-466c16bfce174127?fccid=2f692f96a83933c1,,"Santa Ana, CA 92701",Bartender and Server
https://www.indeed.com/rc/clk?jk=95cb2e0e8e9f3a72&fccid=ecf539b4f66ba031,,"San Francisco, CA",Product Analyst
https://www.indeed.com/company/Decton-Inc./jobs/Vice-President-Finance-3da56085f9dc36dc?fccid=acb96b5abe093a9a,"
    Decton Inc.","Burbank, CA",Vice President of Finance
https://www.indeed.com/rc/clk?jk=99d5219505bcd6f2&fccid=fb555cd5131bb482,,"Seattle, WA","Principal SDE, Scalable Storage Systems"
https://www.indeed.com/rc/clk?jk=cdc2871db511ebb4&fccid=3832275c70f3dc7f,,"San Mateo, CA",Senior Software Engineer
https://www.indeed.com/company/Double-A-Events/jobs/Senior-Event-Producer-e1359753feef8d99?fccid=ef44f9dbd23cf7fc,"
    Double A Events","Austin, TX","Senior Event Producer - Gaming, Entertainment, Technology"
https://www.indeed.com/rc/clk?jk=b063ce559241803d&fccid=ecf539b4f66ba031,,"San Francisco, CA",Sales Development Representative
https://www.indeed.com/rc/clk?cmp=ESL%2FTurtle-Entertainment-America&ti=Senior+Sales&jk=61c6d42ee680b12b&fccid=af219fb2995d74e5,,"Burbank, CA","Senior Sales, Media Rights & Distribution"
https://www.indeed.com/rc/clk?cmp=ESL%2FTurtle-Entertainment-America&ti=Senior+Product+Manager&jk=a80e2041df5a1b6f&fccid=af219fb2995d74e5,,"Burbank, CA",Senior Product Manager
https://www.indeed.com/rc/clk?jk=8396ed1ad9548215&fccid=ecf539b4f66ba031,,"San Francisco, CA",Developer Portal Product Manager
https://www.indeed.com/rc/clk?cmp=ESL%2FTurtle-Entertainment-America&ti=Senior+Sales+Manager&jk=5f7a05f816d6aea3&fccid=af219fb2995d74e5,,"Burbank, CA","Senior Sales Manager, Media Rights & Distribution"
https://www.indeed.com/company/Genius-Sports/jobs/Lead-Java-Developer-fea77e34e8fbf8e2?fccid=97a43a6c027a3ace,,"Los Angeles, CA",Lead Java Developer - Digital Marketing
https://www.indeed.com/rc/clk?jk=5f2075f393ce754e&fccid=0613c87c16dfe045,,"San Francisco, CA",Android Frameworks Engineer
https://www.indeed.com/rc/clk?jk=b0711f2795fe1865&fccid=0613c87c16dfe045,,"San Francisco, CA",Android User-Interface Engineer
https://www.indeed.com/rc/clk?jk=b1e10cb043801dd9&fccid=ecf539b4f66ba031,,"San Francisco, CA",Data Ops Engineer
https://www.indeed.com/rc/clk?jk=00c18f10f490dd30&fccid=0371f20bc9394c40,,"Irvine, CA 92614",Senior JavaScript Software Engineer
https://www.indeed.com/rc/clk?jk=0609c2c6cdea3477&fccid=ecf539b4f66ba031,,"San Francisco, CA",Ruby on Rails Engineer
https://www.indeed.com/rc/clk?jk=289d7b20fafc5297&fccid=0613c87c16dfe045,,"San Francisco, CA",Backend Engineer (Node.js)
https://www.indeed.com/rc/clk?jk=27e1f752ebf61476&fccid=3832275c70f3dc7f,,"San Mateo, CA",Software Engineer
https://www.indeed.com/rc/clk?jk=4487bd855d003410&fccid=ecf539b4f66ba031,,"San Francisco, CA",MySQL Database Engineer
https://www.indeed.com/rc/clk?jk=a4569d890fd66537&fccid=ecf539b4f66ba031,,"San Francisco, CA",DevOps Engineer
https://www.indeed.com/rc/clk?jk=23c4bf5046d01029&fccid=ecf539b4f66ba031,,"San Francisco, CA",Chat Server Engineer
https://www.indeed.com/rc/clk?jk=9939c6d041e790a9&fccid=0613c87c16dfe045,,"San Francisco, CA",Senior Android Engineer
https://www.indeed.com/rc/clk?jk=b11650bf906e0a86&fccid=9cd6915d7bd50ae4,"
    Principle Solutions Group","Atlanta, GA",C# Developer
https://www.indeed.com/rc/clk?jk=7657b0b3ed8c1de5&fccid=ecf539b4f66ba031,,"San Francisco, CA",Developer Integration Specialist
https://www.indeed.com/rc/clk?jk=d4c071df75321880&fccid=ecf539b4f66ba031,,"San Francisco, CA",Server Java Engineer
https://www.indeed.com/rc/clk?jk=fac263a61a5cafe3&fccid=ecf539b4f66ba031,,"San Francisco, CA",Senior Server Java Engineer
